Metro,Degree,Degree Rank,Eigenvector,Eigenvector Rank,Closeness,Closeness Rank,Betweenness,Betweenness Rank,Harmonic,Harmonic Rank
"New York-Newark-Jersey City, NY-NJ-PA Metro Area",1.806201550387597,1,0.21101715493290651,5,990.9021855060619,1,0.5112329464058588,1,588508.7251675389,3
"Chicago-Naperville-Elgin, IL-IN-WI Metro Area",1.8036175710594315,2,0.11940416179323422,15,946.3830969736815,2,0.37802412606605884,2,486126.4197901116,18
"Dallas-Fort Worth-Arlington, TX Metro Area",1.7906976744186047,3,0.16420384787579964,7,798.9832329616888,29,0.16090961427748993,5,525353.3820350001,8
"Washington-Arlington-Alexandria, DC-VA-MD-WV Metro Area",1.7881136950904393,4,0.17272460548853874,6,910.3230622655738,6,0.1038947128837477,6,541491.7032643609,7
"Los Angeles-Long Beach-Anaheim, CA Metro Area",1.7674418604651163,5,0.46678460161636737,2,945.9494951788989,3,0.289365519272737,3,629291.0378057173,2
"Phoenix-Mesa-Scottsdale, AZ Metro Area",1.723514211886305,6,0.1607927250269814,8,847.3181825624237,17,0.07454713419287465,10,509002.9108221952,15
"Atlanta-Sandy Springs-Roswell, GA Metro Area",1.682170542635659,7,0.121114803675797,14,886.918418488504,12,0.1929482802479549,4,513106.3194301655,11
"Houston-The Woodlands-Sugar Land, TX Metro Area",1.6304909560723515,8,0.14550405200011088,10,792.0863770183626,32,0.08897993064760144,9,510921.82855925156,12
"Tampa-St. Petersburg-Clearwater, FL Metro Area",1.627906976744186,9,0.08128490847746572,25,767.9727951322678,39,0.013080558567966688,37,466597.29575330997,25
"Seattle-Tacoma-Bellevue, WA Metro Area",1.6046511627906976,10,0.1271363133467412,12,812.6765382234305,27,0.10267635993627076,7,462614.92976897553,26
"Virginia Beach-Norfolk-Newport News, VA-NC Metro Area",1.5917312661498708,11,0.06506769512460069,28,818.5485504152972,26,0.00024099289070972406,121,430085.36499545176,35
"Miami-Fort Lauderdale-West Palm Beach, FL Metro Area",1.5917312661498708,12,0.12900887091367416,11,910.2389825677315,7,0.0715012518241823,11,555646.0446627785,4
"San Diego-Carlsbad, CA Metro Area",1.5865633074935401,13,0.21805752968343492,4,893.4782987680754,10,0.0112664176406796,39,518320.0236718837,10
"Denver-Aurora-Lakewood, CO Metro Area",1.5865633074935401,14,0.09099297348011853,21,724.2435083461363,61,0.03641000923806081,21,415790.7060990227,38
"Philadelphia-Camden-Wilmington, PA-NJ-DE-MD Metro Area",1.5762273901808785,15,0.12187380899340985,13,943.1732795345213,4,0.09355210132412205,8,553107.3986140962,6
"Detroit-Warren-Dearborn, MI Metro Area",1.529715762273902,16,0.04086577707271368,39,776.3708187107667,36,0.05826672557603995,14,336995.8939351184,91
"Riverside-San Bernardino-Ontario, CA Metro Area",1.5116279069767442,17,0.49624157781482353,1,928.5282500869049,5,0.0091108701182204,50,649621.6214966532,1
"Minneapolis-St. Paul-Bloomington, MN-WI Metro Area",1.496124031007752,18,0.04653735665784809,32,750.2336810332565,45,0.0642982420907472,12,374558.177632355,68
"San Antonio-New Braunfels, TX Metro Area",1.4883720930232558,19,0.07379409804933491,27,725.0012950141339,60,0.007684995514854534,57,433579.9303183056,33
"Las Vegas-Henderson-Paradise, NV Metro Area",1.483204134366925,20,0.1460326792858249,9,841.6219629890647,19,0.014626929616687418,36,509832.19171240437,14
"Boston-Cambridge-Newton, MA-NH Metro Area",1.4728682170542635,21,0.1088888655468025,18,909.4976115173384,8,0.05101016186689159,15,524881.0054045367,9
"Orlando-Kissimmee-Sanford, FL Metro Area",1.4702842377260983,22,0.08568884095245276,23,836.4107908625555,21,0.02929402471515979,23,510846.3996411832,13
"San Francisco-Oakland-Hayward, CA Metro Area",1.4702842377260983,23,0.22237969725495166,3,893.7624661201805,9,0.06388989302593351,13,554782.0046799096,5
"Kansas City, MO-KS Metro Area",1.4315245478036176,24,0.032594903426849446,49,631.2244582006517,111,0.028664765500528846,24,285293.6482756724,156
"Nashville-Davidson--Murfreesboro--Franklin, TN Metro Area",1.426356589147287,25,0.039784279644267055,41,647.1824657344254,98,0.032801810124379105,22,305719.39918758144,131
"St. Louis, MO-IL Metro Area",1.4211886304909562,26,0.03645154365957363,43,784.4608640682776,35,0.04794419675730677,17,371899.1477289532,72
"Pittsburgh, PA Metro Area",1.3875968992248062,27,0.03465966761444411,46,704.1684744336072,67,0.025431444216840047,27,373287.9238712558,71
"Baltimore-Columbia-Towson, MD Metro Area",1.385012919896641,28,0.09099072211912879,22,874.4061556108775,13,0.015343214041852432,33,498185.9120865521,16
"Portland-Vancouver-Hillsboro, OR-WA Metro Area",1.3772609819121449,29,0.08148464983418402,24,737.3925318523355,52,0.04093532018583229,20,407648.81175535073,43
"Charlotte-Concord-Gastonia, NC-SC Metro Area",1.3746770025839794,30,0.06114441168256991,29,670.7797285590141,79,0.047435433988030684,18,450481.78968113445,30
"Austin-Round Rock, TX Metro Area",1.3540051679586564,31,0.0992635796986233,19,740.6577977068299,50,0.007745243737531965,53,473732.1264464566,22
"Colorado Springs, CO Metro Area",1.3126614987080103,32,0.03564430413222388,45,655.3873619550073,90,0.0026643102917352827,90,347680.1812768616,83
"Cincinnati, OH-KY-IN Metro Area",1.310077519379845,33,0.02614978225932038,64,663.8952429762447,84,0.01890455342678502,31,283150.26296383113,158
"Indianapolis-Carmel-Anderson, IN Metro Area",1.3074935400516796,34,0.029018566370703415,55,748.8850059103729,46,0.050253711959941626,16,389545.6034294228,55
"Columbus, OH Metro Area",1.2971576227390182,35,0.032953550015426075,48,605.8220981079788,127,0.02553855216826659,26,316977.5219589697,112
"Urban Honolulu, HI Metro Area",1.289405684754522,36,0.04292956012339858,37,656.5670090781239,88,0.00516795865633075,70,291615.3733196054,148
"Columbia, SC Metro Area",1.2609819121447028,37,0.024980307327514426,69,554.6735148791956,175,0.011855511373525592,38,314383.71059556754,117
"Tucson, AZ Metro Area",1.2377260981912146,38,0.05368844482053839,30,789.6370349668559,34,0.005067544951868364,82,433378.2193058651,34
"Cleveland-Elyria, OH Metro Area",1.2325581395348837,39,0.023921907757768396,75,573.6484500749658,163,0.017284545661458543,32,297776.09714707936,142
"Oklahoma City, OK Metro Area",1.2325581395348837,40,0.03160225988097085,54,639.2963436590015,106,0.010282363336948225,46,385168.4954653055,60
"Jacksonville, FL Metro Area",1.2299741602067185,41,0.043226376902437476,36,650.5471615081821,95,1.3388493928318003e-05,152,391358.454421073,53
"Charleston-North Charleston, SC Metro Area",1.2196382428940569,42,0.022171908614338,78,584.78058061452,149,6.6942469641590015e-06,155,289715.55061555165,149
"Sacramento--Roseville--Arden-Arcade, CA Metro Area",1.20671834625323,43,0.11511510405522969,16,819.0428903771709,25,0.010302446077840704,44,460837.2996420281,28
"Memphis, TN-MS-AR Metro Area",1.2041343669250646,44,0.017820265087390555,97,669.0061667636724,81,0.0032600982715454336,87,250577.92694185904,190
"Milwaukee-Waukesha-West Allis, WI Metro Area",1.1886304909560723,45,0.02248923557459014,77,755.6094388007111,43,0.02288093612349547,29,396046.20489237434,48
"Louisville/Jefferson County, KY-IN Metro Area",1.1808785529715762,46,0.013332123485524195,135,508.1496525829671,213,0.008086650332704073,51,215969.74114865335,232
"Anchorage, AK Metro Area",1.1757105943152455,47,0.010660619040971316,156,762.6184385335796,41,0.005154570162402432,75,202999.29651918137,250
"Pensacola-Ferry Pass-Brent, FL Metro Area",1.1627906976744187,48,0.019292457309115874,85,553.0589715063314,178,0.006279203652381144,60,246722.36240906664,193
"Richmond, VA Metro Area",1.1369509043927648,49,0.04482484577395879,35,798.2392867161226,31,0.0025906735751295338,92,442439.9494658511,31
"Omaha-Council Bluffs, NE-IA Metro Area",1.1162790697674418,50,0.014611299485883031,120,475.33572946722404,238,0.011078978725683147,40,179453.46103798898,291
"Raleigh, NC Metro Area",1.1085271317829457,51,0.03741970263700437,42,570.3616339689027,165,0.02111365492495749,30,375876.8966742271,65
"San Jose-Sunnyvale-Santa Clara, CA Metro Area",1.1059431524547805,52,0.11443790499185598,17,864.8399114755374,14,0.007818880454137714,52,482188.72577531094,20
"North Port-Sarasota-Bradenton, FL Metro Area",1.1059431524547805,53,0.026553731797157965,60,619.1497370887969,122,0.005134487421509954,77,327866.88615861844,100
"Salt Lake City, UT Metro Area",1.0852713178294575,54,0.034642656263385925,47,593.348863532731,138,0.015155775126855979,35,280059.2802235574,160
"Tulsa, OK Metro Area",1.0775193798449614,55,0.018679044731304786,92,588.4609088867751,145,0.002577285081201216,102,288587.9036560722,153
"Killeen-Temple, TX Metro Area",1.062015503875969,56,0.024787532155367897,71,632.9316685920339,110,0.0003681835830287451,120,293876.3877747519,146
"Albuquerque, NM Metro Area",1.0594315245478036,57,0.01922407429405749,87,589.9000197361245,142,0.0105969929442637,41,223368.38985311284,223
"Cape Coral-Fort Myers, FL Metro Area",1.0568475452196382,58,0.027947316739797935,58,644.2298406091949,101,0.002577285081201216,103,363785.7853716849,75
"New Orleans-Metairie, LA Metro Area",1.0516795865633075,59,0.025689239134626653,66,620.5788701890687,121,0.023175482989918464,28,303264.0006494545,135
"Jacksonville, NC Metro Area",1.0439276485788114,60,0.018345848725070227,95,577.9484378690825,155,1.3388493928318003e-05,148,253606.23648376437,189
"Providence-Warwick, RI-MA Metro Area",1.0439276485788114,61,0.04260538320817446,38,846.6243725505469,18,0.0,319,455108.5068204354,29
"Dayton, OH Metro Area",1.0413436692506461,62,0.01637047437897258,108,601.6789380327889,129,0.007731855243603647,54,245190.64498627646,196
"Deltona-Daytona Beach-Ormond Beach, FL Metro Area",1.0361757105943152,63,0.02545657030701952,67,703.4270815908003,68,0.0,363,394509.3351863976,49
"Birmingham-Hoover, AL Metro Area",1.0361757105943152,64,0.01339425641284269,134,623.5938371959917,119,0.04443641134808745,19,309943.0395826895,123
"Rochester, NY Metro Area",1.03359173126615,65,0.02458968873458822,73,827.9419267070206,22,0.002577285081201216,104,402028.69614352,44
"Fayetteville, NC Metro Area",1.03359173126615,66,0.015087328835521168,118,477.9505876019454,233,1.3388493928318003e-05,149,184289.18951448696,284
"Grand Rapids-Wyoming, MI Metro Area",1.028423772609819,67,0.01379763828999173,126,595.4577559661853,134,0.0051880413972232265,64,289098.43810564984,151
"Greenville-Anderson-Mauldin, SC Metro Area",1.0258397932816539,68,0.015964465018962436,111,521.1930145382097,205,0.0051880413972232265,63,287868.0844260492,154
"Knoxville, TN Metro Area",1.020671834625323,69,0.01199258984490661,145,536.3823732887288,195,0.010295751830876545,45,237309.82654314948,207
"Augusta-Richmond County, GA-SC Metro Area",1.0025839793281655,70,0.015472840931647946,113,688.1225629043298,71,0.0,329,328372.32471314364,99
"Columbus, GA-AL Metro Area",1.0025839793281655,71,0.015301109347243557,115,671.0915564039587,78,2.0082740892477003e-05,146,308808.3821075717,124
"Palm Bay-Melbourne-Titusville, FL Metro Area",0.9922480620155039,72,0.019687318247064618,83,679.3470986926606,75,0.0,316,308685.4572117845,125
"Clarksville, TN-KY Metro Area",0.9870801033591732,73,0.01170983219745768,147,479.65744804323657,231,4.685972874911301e-05,135,194212.1700522343,266
"Lakeland-Winter Haven, FL Metro Area",0.9870801033591732,74,0.020432430111409782,82,751.3469003545468,44,0.002583979328165375,96,380928.2239605457,62
"Durham-Chapel Hill, NC Metro Area",0.9741602067183462,75,0.023985750784236072,74,586.0388871180778,146,0.0022961267087065374,117,326924.16359082784,103
"Gulfport-Biloxi-Pascagoula, MS Metro Area",0.9715762273901809,76,0.009568483763358846,166,417.37056294483756,290,0.005107710433653318,80,188914.36618214264,276
"El Paso, TX Metro Area",0.9664082687338502,77,0.02106633588880175,80,594.8499028530123,135,0.0051746529032949086,66,203302.97266785515,249
"Hartford-West Hartford-East Hartford, CT Metro Area",0.9534883720930233,78,0.026380402034065796,62,690.4966981095656,70,0.005094321939725,81,392673.85356041737,51
"Savannah, GA Metro Area",0.9457364341085271,79,0.013498246928986971,131,645.9632659928228,99,0.002583979328165375,99,316097.2517475998,113
"Albany-Schenectady-Troy, NY Metro Area",0.9405684754521965,80,0.03228252825340599,51,826.0889601889077,23,0.00516795865633075,72,467207.1957237976,24
"Lexington-Fayette, KY Metro Area",0.937984496124031,81,0.01048675322905963,159,466.4679366023792,248,0.0026375333038786467,91,210534.55691809359,236
"Provo-Orem, UT Metro Area",0.9328165374677003,82,0.028229558972664628,57,548.1244174607506,182,7.363671660574902e-05,127,258373.28812425156,185
"Syracuse, NY Metro Area",0.9069767441860466,83,0.019059433093917614,89,734.8704316519645,54,0.0022091014981724705,118,386787.00437184924,57
"Madison, WI Metro Area",0.9043927648578812,84,0.015306025584143679,114,648.8905680210264,97,0.0027446412553051905,89,334722.575422778,93
"Buffalo-Cheektowaga-Niagara Falls, NY Metro Area",0.9018087855297158,85,0.019266841473644443,86,717.176566888312,64,0.0,297,397604.0315460071,47
"Crestview-Fort Walton Beach-Destin, FL Metro Area",0.8914728682170543,86,0.009682333473371971,165,491.6802035562927,220,2.0082740892477003e-05,145,187960.67236388763,277
"Boise City, ID Metro Area",0.8837209302325582,87,0.021084422768081944,79,497.5314340612386,219,0.010228809361234954,47,227696.56331912824,219
"Ann Arbor, MI Metro Area",0.8811369509043928,88,0.01908588889734308,88,714.0130261771984,66,0.0,284,316066.11197343434,114
"Little Rock-North Little Rock-Conway, AR Metro Area",0.8811369509043928,89,0.009275106675892361,168,530.7765118185612,198,0.01046310800498052,42,155778.96411487708,323
"San Juan-Carolina-Caguas, PR Metro Area",0.8785529715762275,90,0.013423867542218148,132,791.0451769437093,33,0.02828988767053594,25,295223.8409979005,144
"Allentown-Bethlehem-Easton, PA-NJ Metro Area",0.875968992248062,91,0.03174905089183615,53,824.0036706465191,24,0.0,293,461003.31178483355,27
"Spokane-Spokane Valley, WA Metro Area",0.875968992248062,92,0.017115321326645797,102,653.4066130034115,94,0.01528966006613916,34,335857.3198211339,92
"Winston-Salem, NC Metro Area",0.875968992248062,93,0.010800299249754992,155,564.4753542656167,169,0.0,195,313824.16071727534,118
"Boulder, CO Metro Area",0.8656330749354005,94,0.024808205944139274,70,672.2625525342478,77,0.0,291,356202.58654182666,78
"Myrtle Beach-Conway-North Myrtle Beach, SC-NC Metro Area",0.8656330749354005,95,0.01357493017921133,129,408.4739284189965,296,2.6776987856636006e-05,141,307011.63348865666,129
"Oxnard-Thousand Oaks-Ventura, CA Metro Area",0.8630490956072352,96,0.07400332361750533,26,857.0696121541566,16,0.0,315,475680.81016775535,21
"Fort Collins, CO Metro Area",0.8604651162790699,97,0.01702000199638886,104,614.1777086240996,124,0.002583979328165375,93,332792.4207792384,95
"New Haven-Milford, CT Metro Area",0.8501291989664083,98,0.020708451427211467,81,720.8571639703786,63,1.3388493928318003e-05,153,378049.0897448843,63
"Lansing-East Lansing, MI Metro Area",0.8501291989664083,99,0.011347307354150467,151,628.4745183670369,114,0.0,371,305035.24226812396,132
"Greensboro-High Point, NC Metro Area",0.8501291989664083,100,0.014230081123352757,124,558.5890567082608,170,0.002858443453695894,88,300197.97490201064,138
"Baton Rouge, LA Metro Area",0.8475452196382429,101,0.012496650833581724,141,577.8863068189603,156,0.0023095152026348553,116,269385.85495962884,173
"Ogden-Clearfield, UT Metro Area",0.8423772609819122,102,0.018101431209943005,96,544.0788810152858,184,0.00516795865633075,68,250414.2317448649,191
"Portland-South Portland, ME Metro Area",0.8346253229974161,103,0.013240391492225966,139,715.7355688950051,65,0.010322528818733181,43,345214.62795444514,85
"Wichita, KS Metro Area",0.8320413436692506,104,0.00923303477284526,169,464.840255130037,250,0.0,267,191575.55549009252,269
"Asheville, NC Metro Area",0.8294573643410853,105,0.01171678212383201,146,428.8509036149911,278,0.0,285,228717.3519810741,213
"Des Moines-West Des Moines, IA Metro Area",0.82687338501292,106,0.01013134131604199,162,424.58526316473893,284,0.003306958000294547,86,180903.55019271345,288
"Harrisburg-Carlisle, PA Metro Area",0.82687338501292,107,0.0160525992259456,109,663.0947915003014,86,0.007731855243603647,55,355028.83041391923,80
"Bridgeport-Stamford-Norwalk, CT Metro Area",0.8242894056847545,108,0.04003021313396828,40,857.6308172556191,15,0.0025705908342370564,106,490554.298880545,17
"Reno, NV Metro Area",0.8087855297157623,109,0.026424869933742233,61,594.5931584749302,136,0.00516795865633075,67,307231.35101475526,128
"Toledo, OH Metro Area",0.8036175710594315,110,0.00602315832057524,223,480.6240006449215,229,0.00015396768017565703,123,219703.71985012575,228
"Akron, OH Metro Area",0.8010335917312662,111,0.00973518979721027,164,528.2835422989631,201,0.005288455101685611,61,274213.17415098875,167
"Bakersfield, CA Metro Area",0.7932816537467701,112,0.09225024135349351,20,800.509290571568,28,0.0025572023403087384,109,485652.8593852171,19
"Chattanooga, TN-GA Metro Area",0.7855297157622739,113,0.008649206675957252,179,470.57435877579593,243,0.005141181668474113,76,266194.63132467703,177
"Port St. Lucie, FL Metro Area",0.7855297157622739,114,0.023112797396166233,76,744.1781360392027,48,0.0025505080933445794,112,412879.6821654867,39
"Huntsville, AL Metro Area",0.7829457364341086,115,0.008888555811488561,176,420.78481900798266,287,0.007731855243603647,56,203921.03794410077,248
"Springfield, MO Metro Area",0.7829457364341086,116,0.00818564072182386,184,534.159491095241,196,4.685972874911301e-05,136,292313.49579223833,147
"Fayetteville-Springdale-Rogers, AR-MO Metro Area",0.7829457364341086,117,0.012207462936887903,143,479.2946295428146,232,0.009954345235704435,49,239476.62213832565,204
"Youngstown-Warren-Boardman, OH-PA Metro Area",0.7751937984496124,118,0.00711601109225716,199,543.0983856195018,185,5.355397571327201e-05,133,209182.7307766834,239
"Salinas, CA Metro Area",0.7700258397932817,119,0.02575462375418862,65,579.9901060270714,152,0.0,278,259850.727273915,182
"Tallahassee, FL Metro Area",0.7674418604651163,120,0.01844602296867351,94,648.915192088734,96,0.0016601732471114325,119,385897.8627333197,58
"Naples-Immokalee-Marco Island, FL Metro Area",0.7622739018087855,121,0.013295124269390154,136,555.9631109075984,174,0.0,378,303550.6559734533,134
"Gainesville, FL Metro Area",0.7545219638242895,122,0.016722588511475015,106,604.567998000522,128,0.0025638965872728974,108,375029.508184875,67
"Worcester, MA-CT Metro Area",0.751937984496124,123,0.02470674165257248,72,840.4970281607848,20,6.694246964159002e-05,128,442138.1690715185,32
"Lawton, OK Metro Area",0.7493540051679587,124,0.0077203683449340865,192,476.82510928544315,237,0.0,308,200767.89472391453,256
"Scranton--Wilkes-Barre--Hazleton, PA Metro Area",0.7467700258397933,125,0.015037169114097996,119,655.0659235169398,91,0.0,174,375204.40326010576,66
"Springfield, MA Metro Area",0.7441860465116279,126,0.018934363280382727,90,757.9993092785588,42,0.0,289,393420.63729249494,50
"Hilton Head Island-Bluffton-Beaufort, SC Metro Area",0.7338501291989664,127,0.010404097128297415,160,425.12740893827555,282,0.0,304,173436.0529702451,300
"Watertown-Fort Drum, NY Metro Area",0.7286821705426357,128,0.0066368143594233205,206,359.91549013803575,327,0.0,358,171158.48570299955,303
"Eugene, OR Metro Area",0.7209302325581396,129,0.01720094767857903,101,626.3464038148534,115,0.0,349,302643.2164859106,136
"Bremerton-Silverdale, WA Metro Area",0.7157622739018088,130,0.017519636950878586,99,685.4469205205467,72,0.0,346,328794.8213126088,98
"Davenport-Moline-Rock Island, IA-IL Metro Area",0.7157622739018088,131,0.006108789438015591,218,528.8120432334296,200,0.0,187,278009.1138438896,164
"Fresno, CA Metro Area",0.7105943152454781,132,0.04511435106475955,34,656.7322566288483,87,0.0051746529032949086,65,390442.5371541395,54
"Charlottesville, VA Metro Area",0.7105943152454781,133,0.01340362473533384,133,577.987857492145,154,0.0,165,344279.1685639103,87
"Vallejo-Fairfield, CA Metro Area",0.7054263565891473,134,0.03258522412372884,50,774.663915833492,37,0.002583979328165375,95,410244.83016941807,40
"Montgomery, AL Metro Area",0.702842377260982,135,0.007158825427712969,198,506.0453315502333,214,0.002583979328165375,94,218530.95298572505,230
"Corpus Christi, TX Metro Area",0.702842377260982,136,0.016652779195564228,107,611.4921268670332,126,0.0,300,306521.88505458593,130
"Stockton-Lodi, CA Metro Area",0.7002583979328165,137,0.04561811553721506,33,729.3970130327856,57,0.005127793174545795,78,427755.4868854864,36
"Santa Maria-Santa Barbara, CA Metro Area",0.7002583979328165,138,0.05074972298652575,31,735.8530809391239,53,0.0,383,400469.09599103633,46
"Peoria, IL Metro Area",0.6950904392764858,139,0.006043484504385731,222,618.8544130109278,123,0.0,233,271106.3261015027,169
"Lafayette-West Lafayette, IN Metro Area",0.6950904392764858,140,0.008034081334239074,187,515.5157203875923,208,0.0,160,307396.1949855718,127
"Panama City, FL Metro Area",0.6950904392764858,141,0.00483689983616644,241,339.19115996831806,341,0.0,317,152623.4765620318,328
"South Bend-Mishawaka, IN-MI Metro Area",0.689922480620155,142,0.00708922021618656,200,598.6466433386232,132,0.010155172644629205,48,256980.3325112617,187
"Fairbanks, AK Metro Area",0.6873385012919897,143,0.005628066735200511,228,474.89589154924346,239,0.0,301,144517.94921476382,337
"Jackson, MS Metro Area",0.6873385012919897,144,0.006507709100037848,209,416.47386853475587,292,0.00013388493928318004,124,154312.07033248554,327
"York-Hanover, PA Metro Area",0.6847545219638244,145,0.009004433075909524,172,564.8253223123515,168,0.005161264409366591,73,317450.234432496,111
"Ocala, FL Metro Area",0.6821705426356589,146,0.011698081892208756,148,635.7494983939326,109,6.0248222677431016e-05,129,283543.51454242127,157
"Wichita Falls, TX Metro Area",0.6821705426356589,147,0.00900405828225997,173,520.5055815627873,206,0.0,268,258138.12128601794,186
"Champaign-Urbana, IL Metro Area",0.6770025839793282,148,0.01579981838737572,112,771.7928931137122,38,0.00516795865633075,71,409025.1145007674,42
"Shreveport-Bossier City, LA Metro Area",0.6744186046511628,149,0.006295261579876658,214,557.8726115792672,172,0.0025638965872728974,107,205552.20612469016,243
"Lincoln, NE Metro Area",0.6718346253229974,150,0.006058182349253505,219,423.43121117675094,285,0.002583979328165375,97,162958.50266099581,316
"Lancaster, PA Metro Area",0.6692506459948321,151,0.011121277491343519,153,666.4872297350927,83,0.0025572023403087384,111,347336.3133707963,84
"Fort Wayne, IN Metro Area",0.6640826873385013,152,0.0037935974552555946,267,538.5715336859512,190,0.0,209,161303.9321688572,317
"Mobile, AL Metro Area",0.6589147286821706,153,0.003949701476894105,265,402.56994866981563,299,3.347123482079501e-05,140,111470.9925194901,366
"Columbia, MO Metro Area",0.6537467700258398,154,0.006442221207070731,211,570.9425472869332,164,5.355397571327201e-05,131,278072.9973116291,163
"Sierra Vista-Douglas, AZ Metro Area",0.6434108527131783,155,0.00977736214254694,163,536.5651625465821,193,0.0,384,310286.75252291793,121
"Greeley, CO Metro Area",0.6434108527131783,156,0.015178583112372647,117,629.6543930745792,112,0.0,197,345126.50629504863,86
"Lynchburg, VA Metro Area",0.6434108527131783,157,0.006524626890516835,208,440.331429116366,269,0.0,311,205618.85376487582,242
"Erie, PA Metro Area",0.6356589147286822,158,0.004418095901744865,258,433.49418063783327,275,0.0,364,231688.64532112243,209
"Flint, MI Metro Area",0.6330749354005168,159,0.005917599732145694,224,674.6348487977508,76,0.0,365,282308.98797262384,159
"Santa Rosa, CA Metro Area",0.6330749354005168,160,0.028664218802650784,56,739.4690064970354,51,0.0,213,385827.0108945707,59
"Athens-Clarke County, GA Metro Area",0.6304909560723514,161,0.01450819338050611,121,725.6279209392656,59,0.0,286,415936.34909576975,37
"Norwich-New London, CT Metro Area",0.6304909560723514,162,0.010554300216475142,158,541.2833028849657,189,0.0,379,264602.9135701937,178
"Olympia-Tumwater, WA Metro Area",0.627906976744186,163,0.014054228262383594,125,684.2538140237998,74,0.0,230,362561.5497008393,76
"Manchester-Nashua, NH Metro Area",0.627906976744186,164,0.013511189319592116,130,798.5793544278741,30,0.0,274,409649.34851910395,41
"Wilmington, NC Metro Area",0.627906976744186,165,0.007994014444637104,188,398.8194597775287,303,4.685972874911301e-05,134,228697.1297285214,214
"Huntington-Ashland, WV-KY-OH Metro Area",0.6253229974160207,166,0.0029323683619414155,292,307.532269594327,361,0.005107710433653318,79,96472.06926871487,375
"Kalamazoo-Portage, MI Metro Area",0.6253229974160207,167,0.006701998625896782,204,483.20769502460627,227,0.0052349011259723395,62,237472.0066941216,206
"Trenton, NJ Metro Area",0.6175710594315246,168,0.031961136515977664,52,888.4133379389435,11,0.0,261,468792.8925834665,23
"College Station-Bryan, TX Metro Area",0.6149870801033592,169,0.027161350598807844,59,663.8937352583141,85,0.0,299,401655.02718775574,45
"Lake Havasu City-Kingman, AZ Metro Area",0.6149870801033592,170,0.02545103468232414,68,623.6528122164871,118,0.0,351,285954.70073087513,155
"State College, PA Metro Area",0.6046511627906977,171,0.011604454188249218,150,530.8468323574375,197,0.0,260,325130.08088535734,104
"Manhattan, KS Metro Area",0.6046511627906977,172,0.003255145654050062,285,395.4616016986797,306,0.0,352,190884.51476672446,271
"McAllen-Edinburg-Mission, TX Metro Area",0.5968992248062016,173,0.00893396262519444,174,624.9202292582357,117,0.0,312,266829.242996571,176
"Lubbock, TX Metro Area",0.5968992248062016,174,0.018628572731789937,93,641.4466326306974,104,0.0,310,381269.8666741105,61
"Elizabethtown-Fort Knox, KY Metro Area",0.5968992248062016,175,0.0050654942747737014,238,402.11244784904756,300,0.0,205,174893.87751903958,297
"Tuscaloosa, AL Metro Area",0.5917312661498708,176,0.005158114114989622,236,512.0455742936109,212,0.0,240,242157.58309648314,198
"Hickory-Lenoir-Morganton, NC Metro Area",0.5917312661498708,177,0.004722955758655853,246,553.5277253432107,176,0.0,245,288816.29185559094,152
"Morgantown, WV Metro Area",0.5917312661498708,178,0.006250808130176422,215,426.08903595508815,281,2.6776987856636006e-05,144,205180.06566218653,245
"Burlington-South Burlington, VT Metro Area",0.5917312661498708,179,0.006202288513385939,216,448.48595388944693,264,0.0,323,207705.61485190399,240
"Prescott, AZ Metro Area",0.5917312661498708,180,0.017741353875462298,98,654.2327693628276,92,0.0,318,353353.6279887676,81
"Beaumont-Port Arthur, TX Metro Area",0.5865633074935401,181,0.012040236652380538,144,669.1676559795536,80,0.0,295,355889.4048492096,79
"Rockford, IL Metro Area",0.5839793281653747,182,0.007639123882005369,194,745.9035721783389,47,0.0,382,342480.30357720674,88
"Canton-Massillon, OH Metro Area",0.5839793281653747,183,0.004507216615710575,256,455.9019888323508,259,0.0,359,214049.15003313497,233
"New Bern, NC Metro Area",0.5839793281653747,184,0.008102231304760702,186,406.9848805631962,298,0.0,227,156741.2721263349,321
"Yuma, AZ Metro Area",0.5839793281653747,185,0.012480047958949698,142,553.1602378043158,177,0.0,255,268932.4852218284,174
"Reading, PA Metro Area",0.5813953488372093,186,0.01324056262008448,138,732.0672442141052,55,0.0,277,377294.52691182547,64
"Salisbury, MD-DE Metro Area",0.5813953488372093,187,0.017096106249920216,103,636.4312003363693,108,0.0,172,338441.8707366409,90
"Roanoke, VA Metro Area",0.578811369509044,188,0.006440108735910224,212,438.63210743993403,270,6.6942469641590015e-06,157,205349.52197453097,244
"Iowa City, IA Metro Area",0.578811369509044,189,0.0054748161241119885,232,518.0769040584114,207,0.0074640853650372865,59,278924.081692132,161
"Salem, OR Metro Area",0.5736434108527132,190,0.013590470890753284,128,668.2840363540574,82,0.005161264409366591,74,333031.2756077351,94
"Duluth, MN-WI Metro Area",0.5710594315245479,191,0.004189139080031859,262,636.5547095341834,107,0.0,190,304279.6521487641,133
"Blacksburg-Christiansburg-Radford, VA Metro Area",0.5658914728682171,192,0.014360908332857317,122,629.0101821848584,113,0.002577285081201216,105,374344.0341220068,69
"Kingsport-Bristol-Bristol, TN-VA Metro Area",0.5633074935400517,193,0.0036563346352604404,273,296.4888657195791,368,0.0,180,123063.01968114094,354
"Modesto, CA Metro Area",0.5607235142118864,194,0.01962297148367279,84,591.977954210458,140,0.0025572023403087384,110,320048.98028295016,110
"Bloomington, IL Metro Area",0.5555555555555556,195,0.008229194407434285,183,625.2934610195017,116,0.0,288,366950.2922244877,73
"Bloomington, IN Metro Area",0.5555555555555556,196,0.008594811824254815,180,575.1871270211565,161,0.0,167,320063.4526861287,109
"Auburn-Opelika, AL Metro Area",0.5503875968992248,197,0.004814364884849546,242,477.6962137516192,234,1.3388493928318003e-05,154,227981.69702796495,217
"Hinesville, GA Metro Area",0.5503875968992248,198,0.004362059462996654,259,442.6504398347273,268,0.0,338,147606.23729490585,334
"Cheyenne, WY Metro Area",0.5503875968992248,199,0.002543786195901269,311,303.103550597691,363,0.0,298,103004.7037262193,372
"Ithaca, NY Metro Area",0.5478036175710594,200,0.01061994057873039,157,566.5928088968723,167,0.0,200,289177.541836329,150
"Utica-Rome, NY Metro Area",0.5478036175710594,201,0.007890506121045693,191,552.2001138395972,179,0.0,263,315293.20889544307,116
"San Angelo, TX Metro Area",0.5452196382428941,202,0.006493114457576582,210,419.9543652343172,288,0.0,321,190348.29191396633,272
"Flagstaff, AZ Metro Area",0.5452196382428941,203,0.01884149645164453,91,684.6299717464728,73,0.0,302,366165.34690197575,74
"Warner Robins, GA Metro Area",0.5426356589147288,204,0.0044891001247300425,257,598.7117962927691,131,0.0,343,241937.08837834938,199
"Spartanburg, SC Metro Area",0.5400516795865633,205,0.004547578644486087,252,429.69811540511273,277,0.0,177,240244.02115585055,202
"Evansville, IN-KY Metro Area",0.5400516795865633,206,0.0030898504167831747,290,482.67939191234433,228,5.355397571327201e-05,132,185657.33910645984,281
"Lafayette, LA Metro Area",0.5348837209302326,207,0.006536394974509636,207,512.8606605405776,211,1.3388493928318003e-05,150,192259.5219100398,268
"Hagerstown-Martinsburg, MD-WV Metro Area",0.5322997416020672,208,0.013765311996662855,127,691.0867254037045,69,0.0,368,387605.8181924419,56
"Rapid City, SD Metro Area",0.5322997416020672,209,0.0027057426073838083,304,226.81348825333043,383,0.0,171,89858.83360977507,380
"San Luis Obispo-Paso Robles-Arroyo Grande, CA Metro Area",0.5322997416020672,210,0.03578363965715305,44,592.7058755291582,139,0.0,292,351728.09092741716,82
"Sioux Falls, SD Metro Area",0.5297157622739018,211,0.0025353912126205806,312,382.0246584005196,313,0.0025371195994162614,114,122204.46489953567,356
"Waco, TX Metro Area",0.5297157622739018,212,0.013263113540209178,137,594.5301143985902,137,0.0,265,323599.92788227054,106
"Cedar Rapids, IA Metro Area",0.5271317829457365,213,0.0032703569076501238,284,359.8397112683086,329,0.0025438138463804204,113,195455.69078033254,265
"Santa Fe, NM Metro Area",0.5271317829457365,214,0.005283672132897523,235,472.55276360346903,241,0.0,217,168837.20653095955,309
"Fort Smith, AR-OK Metro Area",0.5271317829457365,215,0.0031169243806808177,288,351.7527304075155,334,0.0,232,150564.19554406294,331
"Green Bay, WI Metro Area",0.524547803617571,216,0.0036349346047515087,274,463.80002498948573,252,0.00023429864374556505,122,171396.62149885666,302
"Valdosta, GA Metro Area",0.524547803617571,217,0.004535182112222209,254,577.6926720031361,157,0.0,342,184498.58066491637,283
"Fargo, ND-MN Metro Area",0.5219638242894057,218,0.004811390262840628,243,542.7541185590063,186,0.002583979328165375,101,270591.8751367946,171
"Punta Gorda, FL Metro Area",0.5219638242894057,219,0.00752517599864753,196,515.4254714155273,209,0.0,257,228420.20079753772,215
"Rochester, MN Metro Area",0.5193798449612403,220,0.0037501573422166192,269,576.4670509751446,159,0.0,219,219608.6108232025,229
"Visalia-Porterville, CA Metro Area",0.5193798449612403,221,0.016037966948674164,110,527.6459453915556,202,0.0,234,258702.88404062839,184
"Charleston, WV Metro Area",0.516795865633075,222,0.0022177545883100736,328,267.81841666735727,379,4.0165481784954006e-05,138,99191.85111326224,374
"Binghamton, NY Metro Area",0.516795865633075,223,0.011269603986306049,152,513.7053828617925,210,0.0,258,374258.8881830608,70
"Amarillo, TX Metro Area",0.5142118863049095,224,0.005584752174581644,229,575.9530456554262,160,0.0,294,228983.0284765015,212
"Abilene, TX Metro Area",0.5142118863049095,225,0.008917493158521415,175,550.9093129267006,180,0.0,381,339848.7972338413,89
"Terre Haute, IN Metro Area",0.5116279069767442,226,0.0027339146358622336,303,541.9184277954357,187,0.0,386,245222.32860265818,195
"Daphne-Fairhope-Foley, AL Metro Area",0.5064599483204134,227,0.003331468451273462,279,335.7172384986308,343,0.0024300116479897176,115,141988.3059778859,340
"Billings, MT Metro Area",0.5064599483204134,228,0.0036915875804260233,272,268.27791978894174,378,0.0,239,93707.37035514016,377
"Grand Junction, CO Metro Area",0.5012919896640827,229,0.005657117746826306,227,416.5276505444264,291,0.0,210,241468.3809959489,200
"Sebastian-Vero Beach, FL Metro Area",0.4935400516795866,230,0.006057107544957637,221,401.5639616688203,301,0.0,176,226491.91531173972,220
"Lawrence, KS Metro Area",0.48837209302325585,231,0.004654464664119261,249,544.4895882036444,183,0.0,307,231490.79951962264,210
"Grand Forks, ND-MN Metro Area",0.48837209302325585,232,0.0026433972602188513,308,373.0630599745275,319,0.0,196,216569.94895779496,231
"Redding, CA Metro Area",0.48578811369509045,233,0.008780187584086429,177,367.260918616323,323,0.0,320,144041.30807047358,339
"Santa Cruz-Watsonville, CA Metro Area",0.4832041343669251,234,0.02623548846115326,63,640.824564820834,105,0.0,290,321233.8274032802,108
"Bellingham, WA Metro Area",0.4832041343669251,235,0.009324093101694996,167,643.7554096207541,102,0.0,237,329919.6018768654,96
"Dothan, AL Metro Area",0.4806201550387597,236,0.0014112903776926902,369,294.4290542212221,370,0.0,334,58020.428617339065,388
"Kennewick-Richland, WA Metro Area",0.4780361757105943,237,0.006298886497879262,213,541.6470761742984,188,6.6942469641590015e-06,156,236982.94376274812,208
"Medford, OR Metro Area",0.4728682170542636,238,0.007077140518939223,201,486.69963591593114,224,0.00516795865633075,69,187797.5331065131,278
"Dover, DE Metro Area",0.4728682170542636,239,0.008263002671700664,182,729.8879505407272,56,0.0,189,328991.2046104601,97
"Niles-Benton Harbor, MI Metro Area",0.4728682170542636,240,0.002645131781546107,307,384.30739488218194,312,0.0,158,156761.75291496216,320
"Longview, TX Metro Area",0.47028423772609823,241,0.00842071166800404,181,487.0315614115633,223,0.0,309,299931.19557288894,139
"Tyler, TX Metro Area",0.47028423772609823,242,0.01030050844669551,161,579.483788377844,153,0.0,262,323246.7804826082,107
"Springfield, IL Metro Area",0.47028423772609823,243,0.004901290354199397,239,523.4647400385511,204,0.0,178,246519.8785298594,194
"Macon, GA Metro Area",0.47028423772609823,244,0.004778932182028615,244,653.7396039062658,93,0.0,340,294032.75870843703,145
"Homosassa Springs, FL Metro Area",0.4625322997416021,245,0.004696948511544194,248,480.3676972787305,230,0.0,369,242369.37961508217,197
"Missoula, MT Metro Area",0.4599483204134367,246,0.0033438069395890337,278,241.55732513431377,382,0.00382241501653479,85,120731.9553810815,358
"Topeka, KS Metro Area",0.4599483204134367,247,0.0024373522204565487,317,460.84720505198584,254,0.0,206,168199.06550326262,311
"Ames, IA Metro Area",0.4599483204134367,248,0.0030027248015497897,291,338.69008384561147,342,9.371945749822602e-05,125,191100.2286985577,270
"The Villages, FL Metro Area",0.45736434108527135,249,0.005488937097250221,231,319.66407789437517,346,0.0,207,199460.75167411374,259
"Battle Creek, MI Metro Area",0.4470284237726098,250,0.0015374761563750929,365,360.3349541914285,326,0.0,247,156194.3108781919,322
"Yuba City, CA Metro Area",0.4470284237726098,251,0.006779796332500018,202,588.7813697737888,144,0.0,235,277558.9909382126,165
"Las Cruces, NM Metro Area",0.4444444444444445,252,0.005670842386441245,226,467.49014935745333,247,6.0248222677431016e-05,130,168610.06489502947,310
"Kahului-Wailuku-Lahaina, HI Metro Area",0.4444444444444445,253,0.005102007530876531,237,408.2163911472777,297,0.0,192,154565.5176825886,326
"Johnson City, TN Metro Area",0.43927648578811374,254,0.001964676658923502,346,342.29040692987877,339,0.004940354259549343,83,144423.48881981225,338
"Carbondale-Marion, IL Metro Area",0.43927648578811374,255,0.004302903468589922,260,473.57686494927634,240,0.0,360,296805.34228488035,143
"Waterloo-Cedar Falls, IA Metro Area",0.4315245478036176,256,0.0016394168250652567,358,309.3298147118098,359,0.0,216,122016.79322621493,357
"Goldsboro, NC Metro Area",0.4315245478036176,257,0.002810733180025606,302,334.92130930661534,344,0.0,336,197268.24161548956,262
"Chico, CA Metro Area",0.4289405684754522,258,0.01524103232518446,116,556.4812279677017,173,0.0,347,254546.61758347612,188
"Corvallis, OR Metro Area",0.42377260981912146,259,0.006057835831026157,220,550.1860653776482,181,0.0,361,271667.4235848127,168
"Greenville, NC Metro Area",0.4211886304909561,260,0.005298075505474795,233,426.3123721914318,280,2.6776987856636006e-05,142,228322.2559512597,216
"Logan, UT-ID Metro Area",0.4211886304909561,261,0.004718122229314324,247,415.4887287286931,293,0.0,162,182229.08148381527,286
"Brownsville-Harlingen, TX Metro Area",0.4186046511627907,262,0.004895938718188284,240,501.2522866559538,217,0.0,296,213534.7318274073,234
"Pueblo, CO Metro Area",0.4186046511627907,263,0.003997622937092938,264,468.1085473014813,244,0.0,228,210069.8139168986,238
"Joplin, MO Metro Area",0.4160206718346253,264,0.0023716230338100496,320,359.42509115635136,330,0.0,305,129680.51260566345,352
"Weirton-Steubenville, WV-OH Metro Area",0.4160206718346253,265,0.002009298252128221,339,315.1017666636183,354,0.0,356,152459.52393755724,329
"Bend-Redmond, OR Metro Area",0.4160206718346253,266,0.006132869484581456,217,459.2089773573887,256,0.0,345,231101.58194997176,211
"Kingston, NY Metro Area",0.4160206718346253,267,0.011667214507524072,149,767.9530038125629,40,0.0,182,392276.4103982394,52
"Bismarck, ND Metro Area",0.4108527131782946,268,0.0020402015837282044,337,360.9297179401773,325,0.0,287,116428.88197350393,362
"Burlington, NC Metro Area",0.4108527131782946,269,0.0034749313609190335,276,425.0812664105719,283,0.0,246,196234.04535937498,263
"Johnstown, PA Metro Area",0.4108527131782946,270,0.0018772361094427834,349,434.0561023420567,274,0.0,370,199458.2389068778,260
"Coeur d'Alene, ID Metro Area",0.40826873385012924,271,0.006771802136228641,203,445.6357959492707,266,0.007678301267890375,58,177749.26795095942,292
"Jackson, TN Metro Area",0.40826873385012924,272,0.0016447141560090358,357,379.5792056974928,315,0.0,198,139879.02536554277,341
"Winchester, VA-WV Metro Area",0.40826873385012924,273,0.0047653643694395365,245,581.3497601850154,151,0.0,355,262818.0986216615,179
"Bangor, ME Metro Area",0.40568475452196384,274,0.0026993975287347752,305,436.2495409730222,272,0.0,214,202318.0085674661,251
"Florence, SC Metro Area",0.4005167958656331,275,0.0026268720738103044,309,369.9597600566386,321,0.0,335,122375.17694527814,355
"Bowling Green, KY Metro Area",0.4005167958656331,276,0.002863773777782416,297,318.51970243600107,348,4.0165481784954006e-05,139,193096.85602506786,267
"La Crosse-Onalaska, WI-MN Metro Area",0.4005167958656331,277,0.00197271683363194,343,395.92812566509707,305,0.0,169,160930.46988271122,318
"Saginaw, MI Metro Area",0.3979328165374677,278,0.0023130744945511887,324,450.9922462884704,262,0.002583979328165375,98,205767.48227990017,241
"Gainesville, GA Metro Area",0.3979328165374677,279,0.009222935341566985,170,726.235364062823,58,0.0,303,359679.00656609784,77
"Sumter, SC Metro Area",0.3979328165374677,280,0.0024671293519706503,313,385.462493979842,310,0.0,208,129698.85115723338,351
"Great Falls, MT Metro Area",0.3979328165374677,281,0.00197097644671252,344,177.42059693713978,387,0.0,212,60197.821597255315,387
"Atlantic City-Hammonton, NJ Metro Area",0.39534883720930236,282,0.011018438229840954,154,724.0312293964339,62,0.0,324,327158.03966626665,101
"Janesville-Beloit, WI Metro Area",0.39534883720930236,283,0.0033066353469027145,280,412.43461756201117,295,0.0,254,185411.20633877255,282
"Barnstable Town, MA Metro Area",0.39534883720930236,284,0.00769162124655601,193,743.791512707074,49,0.0,271,308080.36375037115,126
"Harrisonburg, VA Metro Area",0.39534883720930236,285,0.008729666739529384,178,529.9267053677811,199,0.002583979328165375,100,315905.701973887,115
"Elkhart-Goshen, IN Metro Area",0.39276485788113696,286,0.0020411022659942105,336,462.4072914743388,253,0.0,348,176837.2630378412,295
"Albany, GA Metro Area",0.39276485788113696,287,0.004514169220778324,255,465.41840677470134,249,0.0,327,267783.69345379656,175
"Muncie, IN Metro Area",0.39018087855297157,288,0.002866577631584865,296,582.9187468542517,150,0.0,377,301451.06131022656,137
"Hanford-Corcoran, CA Metro Area",0.39018087855297157,289,0.016837251264599305,105,537.2705346732155,191,0.0,184,270995.6108912038,170
"Muskegon, MI Metro Area",0.3875968992248062,290,0.0015201436145894228,367,490.19675657353724,221,0.0,242,220552.11015463882,226
"Cleveland, TN Metro Area",0.3875968992248062,291,0.002177411413614253,330,311.9260418599117,356,0.0,256,145817.84519574576,336
"Mount Vernon-Anacortes, WA Metro Area",0.3875968992248062,292,0.0055510621729895375,230,590.92121855438,141,0.0,225,269430.44394038455,172
"Midland, TX Metro Area",0.3850129198966408,293,0.007561443990230484,195,413.22551969969305,294,0.0,313,227807.58735286375,218
"Oshkosh-Neenah, WI Metro Area",0.3850129198966408,294,0.0018428611684122179,352,385.4481286899614,311,0.004906883024728548,84,221511.05267168503,224
"Hattiesburg, MS Metro Area",0.3824289405684755,295,0.0020418021919171424,335,325.29449019421713,345,0.0,337,136527.3646987231,346
"Napa, CA Metro Area",0.3798449612403101,296,0.008143626358477214,185,569.3699909378184,166,0.0,226,204955.79543003681,246
"St. George, UT Metro Area",0.3798449612403101,297,0.009106675371381786,171,434.43350100814405,273,2.6776987856636006e-05,143,200697.50556523362,257
"Brunswick, GA Metro Area",0.37726098191214474,298,0.003158369550868416,286,351.6842577336579,335,0.0,331,212574.05555707554,235
"Yakima, WA Metro Area",0.37726098191214474,299,0.004601955519095319,251,577.4383378929001,158,0.0,354,165041.30020190123,314
"Texarkana, TX-AR Metro Area",0.37467700258397935,300,0.003273480232592964,283,367.8008511513209,322,0.0,387,155351.2072204006,324
"Ponce, PR Metro Area",0.37209302325581395,301,0.0024001674348253857,318,537.0184200098996,192,0.0,276,195685.39766594925,264
"Merced, CA Metro Area",0.37209302325581395,302,0.017511480703011367,100,468.0751595007745,245,0.0,238,260156.42893976707,180
"Jefferson City, MO Metro Area",0.37209302325581395,303,0.0019917594871175044,342,375.74259197613037,317,0.0,204,201200.72960475157,254
"St. Cloud, MN Metro Area",0.37209302325581395,304,0.005856987935372311,225,644.6185726700487,100,0.0,168,327111.202828904,102
"Racine, WI Metro Area",0.3695090439276486,305,0.004186830866840793,263,623.009963340568,120,0.0,220,278092.88929651346,162
"Appleton, WI Metro Area",0.3695090439276486,306,0.0017342395450941396,356,339.74190507982166,340,1.3388493928318003e-05,151,187075.88842243838,279
"Williamsport, PA Metro Area",0.3695090439276486,307,0.0017470182684390303,355,275.8916470566734,376,0.0,244,110954.86214653184,369
"Jackson, MI Metro Area",0.3669250645994832,308,0.0023736572794445404,319,467.9582229008826,246,0.0,201,225330.30301129472,221
"Sioux City, IA-NE-SD Metro Area",0.36434108527131787,309,0.001601332294606801,361,264.09343866873337,380,4.0165481784954006e-05,137,92168.8269336309,379
"Lake Charles, LA Metro Area",0.36175710594315247,310,0.0042422750295369165,261,459.0571881436496,257,0.0,306,165207.30784620106,313
"Sebring, FL Metro Area",0.36175710594315247,311,0.0035853057740012936,275,357.70036947124896,331,0.0,341,177183.36963095292,294
"Idaho Falls, ID Metro Area",0.36175710594315247,312,0.0032841790823773713,282,310.29980621328883,358,0.0,231,115932.68134722274,363
"Beckley, WV Metro Area",0.35658914728682173,313,0.0020012012745450605,341,214.75944434418457,385,0.0,344,66785.68040431816,385
"Springfield, OH Metro Area",0.351421188630491,314,0.0024645010797429727,315,453.5745372323358,260,0.0,385,167848.23329361115,312
"Lima, OH Metro Area",0.351421188630491,315,0.0013513486934298544,371,315.39320366471605,352,0.0,372,79036.51552686654,384
"Morristown, TN Metro Area",0.3488372093023256,316,0.001968996635260587,345,362.1082381190311,324,0.0,249,157595.93983104653,319
"Ocean City, NJ Metro Area",0.3488372093023256,317,0.003812760199716144,266,464.2269690752631,251,0.0,183,237868.34709715258,205
"Wheeling, WV-OH Metro Area",0.3488372093023256,318,0.0012913278093455768,372,344.89695916682143,338,0.0,325,115249.91027913563,364
"Chambersburg-Waynesboro, PA Metro Area",0.3488372093023256,319,0.0034406044652605344,277,448.649288698946,263,0.0,173,169781.6582584429,306
"California-Lexington Park, MD Metro Area",0.34625322997416025,320,0.00750403890578585,197,557.8825520773654,171,0.0,357,310160.22736362735,122
"East Stroudsburg, PA Metro Area",0.34366925064599485,321,0.007992322015175359,189,611.5670712148639,125,0.0,159,324949.8580361767,105
"Monroe, MI Metro Area",0.3385012919896641,322,0.0020503059167343092,333,536.4851150296005,194,8.033096356990801e-05,126,240565.03664747492,201
"Lebanon, PA Metro Area",0.3385012919896641,323,0.00186598888884449,350,389.70757509015374,307,0.0,273,201446.3870864143,252
"Pittsfield, MA Metro Area",0.33333333333333337,324,0.0037478279942632455,270,444.40453219917254,267,0.0,170,189458.62253192608,275
"Alexandria, LA Metro Area",0.3281653746770026,325,0.001615709294642434,359,300.80444279514234,366,0.0,326,88267.328343372,381
"Monroe, LA Metro Area",0.3281653746770026,326,0.0022148421181512113,329,295.1516595306833,369,0.0,314,149359.36464056716,333
"Dubuque, IA Metro Area",0.3281653746770026,327,0.0020598226219064103,332,288.3036203393856,374,0.0,223,163891.0452625717,315
"Midland, MI Metro Area",0.32558139534883723,328,0.0014482554951356149,368,318.7401604706037,347,0.0,376,120431.85190633118,359
"Decatur, IL Metro Area",0.32558139534883723,329,0.002042557531200583,334,303.3906039304116,362,0.0,362,180176.47980038286,290
"Mankato-North Mankato, MN Metro Area",0.32558139534883723,330,0.002313624063590704,323,574.2354872029222,162,0.0,374,274691.2895118287,166
"Eau Claire, WI Metro Area",0.32299741602067183,331,0.0015241927360540761,366,428.6458488531925,279,0.0,221,200856.4404743213,255
"Anniston-Oxford-Jacksonville, AL Metro Area",0.32299741602067183,332,0.0028600875966998457,299,291.4149977117767,372,0.0,328,204274.982707561,247
"Sheboygan, WI Metro Area",0.3204134366925065,333,0.001098660382278503,378,452.41141373151567,261,0.0,280,176787.52781819933,296
"Farmington, NM Metro Area",0.3178294573643411,334,0.0022431330638786984,327,399.29199101113386,302,0.0,252,117451.39926779791,361
"Rocky Mount, NC Metro Area",0.3178294573643411,335,0.002312268693724941,325,373.58413837035204,318,0.0,203,147009.0563289778,335
"Staunton-Waynesboro, VA Metro Area",0.3152454780361757,336,0.0021327317783649317,331,296.9177471813783,367,0.0,164,154812.77257669313,325
"St. Joseph, MO-KS Metro Area",0.31266149870801035,337,0.0020371357129952347,338,446.3593554882002,265,0.0,388,221107.57449713317,225
"Jonesboro, AR Metro Area",0.31007751937984496,338,0.0011650156989810995,377,282.31723911097805,375,0.0,181,133715.85819403455,347
"Glens Falls, NY Metro Area",0.31007751937984496,339,0.0032964714667723907,281,585.3856111116597,147,0.0,194,247004.20537413168,192
"Wausau, WI Metro Area",0.3074935400516796,340,0.002338711861786321,322,301.44168154964933,365,0.0,215,131795.76646598513,349
"Pocatello, ID Metro Area",0.3074935400516796,341,0.0018394027575102123,353,313.9830264205703,355,0.0,236,138462.57843878955,344
"Laredo, TX Metro Area",0.3074935400516796,342,0.0031079396437673017,289,505.8882478367648,215,0.0,191,133245.49535462263,348
"Kankakee, IL Metro Area",0.3074935400516796,343,0.0037672717409460888,268,598.0237975859243,133,0.0,243,299472.06087994884,141
"Casper, WY Metro Area",0.3049095607235142,344,0.001545616354405944,364,291.7314286657235,371,0.0,179,64500.62693747575,386
"Florence-Muscle Shoals, AL Metro Area",0.3023255813953489,345,0.0012786204249848592,373,290.551900380699,373,0.0,366,151586.06366814277,330
"Gettysburg, PA Metro Area",0.2997416020671835,346,0.002656093937445558,306,459.37776487819184,255,0.0,185,173926.85452851278,298
"Bloomsburg-Berwick, PA Metro Area",0.2997416020671835,347,0.0029194624155492598,293,380.8061186873165,314,0.0,322,201369.9350353619,253
"Altoona, PA Metro Area",0.2997416020671835,348,0.0019124930057948066,348,315.31523989860244,353,0.0,283,117591.28257248462,360
"Decatur, AL Metro Area",0.2971576227390181,349,0.001856785327987899,351,318.03040427270537,349,0.0,175,138612.03314360222,343
"Sherman-Denison, TX Metro Area",0.2971576227390181,350,0.006696808781368734,205,589.316943970919,143,0.0,259,313647.334786883,119
"Elmira, NY Metro Area",0.2971576227390181,351,0.001830751671746449,354,248.05029801915674,381,0.0,193,106229.5147736835,370
"Aguadilla-Isabela, PR Metro Area",0.29457364341085274,352,0.002918622597210872,294,484.0383316578937,226,0.0,269,190207.26444152056,273
"Columbus, IN Metro Area",0.29457364341085274,353,0.003144954404368151,287,477.0733337036552,236,0.0,202,181773.66033169883,287
"Lewiston-Auburn, ME Metro Area",0.29457364341085274,354,0.001397769381528145,370,505.61976936586603,216,0.0,161,200122.40371046917,258
"Odessa, TX Metro Area",0.29198966408268734,355,0.00528527021714522,234,477.30276071310993,235,1.3388493928318003e-05,147,180486.27992148747,289
"Hot Springs, AR Metro Area",0.2868217054263566,356,0.002879624515444673,295,359.8768799655197,328,0.0,199,111100.03857910653,368
"Dalton, GA Metro Area",0.2868217054263566,357,0.002002672715042656,340,385.78688444193983,309,0.0,333,169776.20172189217,307
"Rome, GA Metro Area",0.2868217054263566,358,0.002819799319530968,300,599.0903085575353,130,0.0,248,259864.74419538846,181
"Michigan City-La Porte, IN Metro Area",0.2868217054263566,359,0.004614384270301447,250,485.486477321267,225,0.0,163,313549.78510553116,120
"Albany, OR Metro Area",0.2842377260981912,360,0.0024654511015912923,314,489.94150006966447,222,0.0,282,198752.68435932248,261
"Grants Pass, OR Metro Area",0.28165374677002586,361,0.0037025164317017576,271,356.1996136652002,332,0.0,350,102263.40911738052,373
"Cape Girardeau, MO-IL Metro Area",0.28165374677002586,362,0.0016010536764289253,362,371.2367298752359,320,0.0,332,224888.68845274785,222
"Wenatchee, WA Metro Area",0.27906976744186046,363,0.0023447468042649333,321,431.98695680427113,276,0.0,188,189919.74225256874,274
"Mansfield, OH Metro Area",0.2764857881136951,364,0.001252198370328864,374,388.1070180820722,308,0.0,375,171052.86171697636,304
"El Centro, CA Metro Area",0.2764857881136951,365,0.01267160907593695,140,585.0473745002377,148,0.0,211,210450.18676426812,237
"Parkersburg-Vienna, WV Metro Area",0.2739018087855297,366,0.001244592054337621,375,203.03642059371563,386,0.0,380,92250.78207759176,378
"Houma-Thibodaux, LA Metro Area",0.268733850129199,367,0.0016039203065800086,360,396.9470132046251,304,0.0,339,177474.4420862025,293
"Madera, CA Metro Area",0.268733850129199,368,0.014331453875149844,123,655.8870796602567,89,0.0,222,259654.4602066272,183
"Cumberland, MD-WV Metro Area",0.2661498708010336,369,0.002862292335834957,298,458.2429814214103,258,0.0,186,182448.27877028464,285
"Fond du Lac, WI Metro Area",0.26356589147286824,370,0.0009207621661244228,382,436.70779085897163,271,0.0,253,139601.95431212906,342
"Longview, WA Metro Area",0.26098191214470284,371,0.002613612494706656,310,525.5788207970007,203,0.0,373,219770.82831652986,227
"Walla Walla, WA Metro Area",0.26098191214470284,372,0.002817093248112105,301,316.39033067612445,351,0.0,266,186986.83558689448,280
"Carson City, NV Metro Area",0.26098191214470284,373,0.004535460235441739,253,317.45630078475637,350,0.0,241,169418.50837328975,308
"Vineland-Bridgeton, NJ Metro Area",0.2558139534883721,374,0.007909681473821348,190,642.1713712528574,103,0.0,281,299498.7484100856,140
"Victoria, TX Metro Area",0.2532299741602067,375,0.002310517090516239,326,499.4726952395249,218,0.0,264,130893.04825353588,350
"Owensboro, KY Metro Area",0.25064599483204136,376,0.0009362597017870969,381,222.616754248587,384,0.0,229,82838.80578066938,382
"Danville, IL Metro Area",0.25064599483204136,377,0.0010804579973665367,379,310.7914989239806,357,0.0,224,128110.52855443972,353
"Grand Island, NE Metro Area",0.24806201550387597,378,0.0015951874371060225,363,274.359216759723,377,0.0,367,111276.68663589591,367
"Pine Bluff, AR Metro Area",0.2454780361757106,379,0.0009390321579347232,380,348.42154351440325,337,0.0,353,104098.57129575574,371
"Bay City, MI Metro Area",0.24031007751937986,380,0.0005463232517477702,387,302.76973494932076,364,0.0,330,137987.80989743565,345
"Lewiston, ID-WA Metro Area",0.22222222222222224,381,0.0012317527128693736,376,147.27261825355447,388,0.0,251,81237.2506799932,383
"Gadsden, AL Metro Area",0.22222222222222224,382,0.0008165079549749484,383,349.9792692150484,336,0.0,166,149610.15743360255,332
"Hammond, LA Metro Area",0.21705426356589147,383,0.0024491449084686925,316,419.7813400833985,289,0.0,250,239923.07219191515,203
"Kokomo, IN Metro Area",0.19896640826873385,384,0.001943488908356899,347,355.64761089514667,333,0.0,218,172728.60598612673,301
"Arecibo, PR Metro Area",0.19896640826873385,385,0.0006094154264816953,386,471.44993393121473,242,0.0,270,173462.96046484803,299
"Mayagez, PR Metro Area",0.18087855297157623,386,0.0007748685327884787,384,308.4439919566267,360,0.0,275,170700.52754299645,305
"San Germn, PR Metro Area",0.16279069767441862,387,0.0005420273878285356,388,379.5029651495914,316,0.0,279,95067.11743936311,376
"Guayama, PR Metro Area",0.1343669250645995,388,0.0006303649751085287,385,423.4122824004777,286,0.0,272,115025.02388446595,365
